"type","compressive_strength"
2,3189.55620787845
2,2934.92144345964
1,2718.83858493647
1,3555.50663674019
1,3012.15655688175
1,3334.87407892223
1,3060.51460193211
1,3517.08842358919
1,3493.86332678218
1,3073.13772799927
2,3282.3753754756
1,3457.2205072638
1,3867.13312731208
2,3253.1191368048
1,3288.80947105299
2,3236.21321114508
1,3918.05695658773
2,3104.37780025936
2,3233.13651394116
2,3061.8404191917
2,2902.49020670564
2,3105.96968513858
